{"cameraMode":{"drawMode":0,"name":"Shaded","section":"Shading Mode"},"sceneLighting":true,"audioPlay":false,"sceneViewState":{"showFog":true,"showMaterialUpdate":false,"showSkybox":true,"showFlares":true,"showImageEffects":true,"showParticleSystems":true},"in2DMode":false,"pivot":{"x":-0.6308193802833557,"y":7.110649585723877,"z":-4.881555557250977},"rotation":{"x":0.05095012113451958,"y":-0.032951150089502338,"z":0.001681958674453199,"w":0.9981558322906494},"size":4.807394981384277,"orthographic":false}